MasterCatalogName,ProductType,AttributeCode,Type,VocabularyValue
Mystic Outdoors Master,Base,frame-color,Property,Alpine-Glow
Mystic Outdoors Master,Base,frame-color,Property,Black-Coffee-Tort
Mystic Outdoors Master,Base,frame-color,Property,Coffee
Mystic Outdoors Master,Base,frame-color,Property,Black
Mystic Outdoors Master,Base,frame-color,Property,Flat-Black
Mystic Outdoors Master,Base,frame-color,Property,Bronze-Decay
Mystic Outdoors Master,Base,frame-color,Property,Matte-Blue
Mystic Outdoors Master,Base,frame-color,Property,Matte-Camo
Mystic Outdoors Master,Base,frame-color,Property,Matte-Camo-Green
Mystic Outdoors Master,Base,frame-color,Property,Matte-Fern
Mystic Outdoors Master,Base,frame-color,Property,Purple
Mystic Outdoors Master,Base,frame-color,Property,Satin-Black
Mystic Outdoors Master,Base,frame-color,Property,Silver/Gunmetal
Mystic Outdoors Master,Base,frame-color,Property,White
Mystic Outdoors Master,Base,season,Property,Fall
Mystic Outdoors Master,Base,season,Property,Spring
Mystic Outdoors Master,Base,season,Property,Summer
Mystic Outdoors Master,Base,season,Property,Winter
Mystic Outdoors Master,Base,role,Property,AdvClub
Mystic Outdoors Master,Base,role,Property,Mem
Mystic Outdoors Master,Base,role,Property,Unapproved
Mystic Outdoors Master,Base,role,Property,wholesaler
Mystic Outdoors Master,Base,best-use,Property,Backcountry-Skiing
Mystic Outdoors Master,Base,best-use,Property,Backpacking
Mystic Outdoors Master,Base,best-use,Property,Casual
Mystic Outdoors Master,Base,best-use,Property,Bike-Commuting
Mystic Outdoors Master,Base,best-use,Property,Camping
Mystic Outdoors Master,Base,best-use,Property,Climbing
Mystic Outdoors Master,Base,best-use,Property,Cross-Country-Skiing
Mystic Outdoors Master,Base,best-use,Property,Downhill-Skiing
Mystic Outdoors Master,Base,best-use,Property,Fitness
Mystic Outdoors Master,Base,best-use,Property,Fishing
Mystic Outdoors Master,Base,best-use,Property,Hiking
Mystic Outdoors Master,Base,best-use,Property,Ice-Climbing
Mystic Outdoors Master,Base,best-use,Property,Mountaineering
Mystic Outdoors Master,Base,best-use,Property,Multisport
Mystic Outdoors Master,Base,best-use,Property,Rock-Climbing
Mystic Outdoors Master,Base,best-use,Property,Running
Mystic Outdoors Master,Base,best-use,Property,Snowboarding
Mystic Outdoors Master,Base,best-use,Property,Snowshoeing
Mystic Outdoors Master,Base,best-use,Property,Snowsports
Mystic Outdoors Master,Base,best-use,Property,Trail-Running
Mystic Outdoors Master,Base,best-use,Property,Travel
Mystic Outdoors Master,Base,best-use,Property,Urban-Cycling
Mystic Outdoors Master,Base,best-use,Property,Yoga
Mystic Outdoors Master,Base,best-use,Property,Watersports
Mystic Outdoors Master,Base,brand,Property,Arc-teryx
Mystic Outdoors Master,Base,brand,Property,ALPS-Moutaineering
Mystic Outdoors Master,Base,brand,Property,Ahnu
Mystic Outdoors Master,Base,brand,Property,Asolo
Mystic Outdoors Master,Base,brand,Property,Black-Diamond
Mystic Outdoors Master,Base,brand,Property,Bolle
Mystic Outdoors Master,Base,brand,Property,Biolite
Mystic Outdoors Master,Base,brand,Property,Big-Agnes
Mystic Outdoors Master,Base,brand,Property,CamelBak
Mystic Outdoors Master,Base,brand,Property,Camp-Chef
Mystic Outdoors Master,Base,brand,Property,Chaco
Mystic Outdoors Master,Base,brand,Property,Chaos
Mystic Outdoors Master,Base,brand,Property,Coleman
Mystic Outdoors Master,Base,brand,Property,Columbia
Mystic Outdoors Master,Base,brand,Property,Craghoppers
Mystic Outdoors Master,Base,brand,Property,Cycle-Dog
Mystic Outdoors Master,Base,brand,Property,Deuter
Mystic Outdoors Master,Base,brand,Property,ENO
Mystic Outdoors Master,Base,brand,Property,Esbit
Mystic Outdoors Master,Base,brand,Property,Eureka
Mystic Outdoors Master,Base,brand,Property,Eagle-Creek
Mystic Outdoors Master,Base,brand,Property,ExOfficio
Mystic Outdoors Master,Base,brand,Property,Exped
Mystic Outdoors Master,Base,brand,Property,Five-Ten
Mystic Outdoors Master,Base,brand,Property,Garmin
Mystic Outdoors Master,Base,brand,Property,GoalZero
Mystic Outdoors Master,Base,brand,Property,GoPro
Mystic Outdoors Master,Base,brand,Property,Gordini
Mystic Outdoors Master,Base,brand,Property,Gerber
Mystic Outdoors Master,Base,brand,Property,GoSun
Mystic Outdoors Master,Base,brand,Property,Gregory
Mystic Outdoors Master,Base,brand,Property,Haglofs
Mystic Outdoors Master,Base,brand,Property,Helly-Hansen
Mystic Outdoors Master,Base,brand,Property,HENNESSY
Mystic Outdoors Master,Base,brand,Property,Hi-Tec
Mystic Outdoors Master,Base,brand,Property,HOKA-ONE-ONE
Mystic Outdoors Master,Base,brand,Property,Icebreaker
Mystic Outdoors Master,Base,brand,Property,JanSport
Mystic Outdoors Master,Base,brand,Property,Jetboil
Mystic Outdoors Master,Base,brand,Property,Julbo
Mystic Outdoors Master,Base,brand,Property,Kammock
Mystic Outdoors Master,Base,brand,Property,KEEN
Mystic Outdoors Master,Base,brand,Property,Kelty
Mystic Outdoors Master,Base,brand,Property,KUHL
Mystic Outdoors Master,Base,brand,Property,La-Sportiva
Mystic Outdoors Master,Base,brand,Property,Lorpen
Mystic Outdoors Master,Base,brand,Property,Lowa
Mystic Outdoors Master,Base,brand,Property,Lucy
Mystic Outdoors Master,Base,brand,Property,MONTANE
Mystic Outdoors Master,Base,brand,Property,Mammut
Mystic Outdoors Master,Base,brand,Property,MTI
Mystic Outdoors Master,Base,brand,Property,Merrell
Mystic Outdoors Master,Base,brand,Property,MSR
Mystic Outdoors Master,Base,brand,Property,Mountain-Hardwear
Mystic Outdoors Master,Base,brand,Property,Manzella
Mystic Outdoors Master,Base,brand,Property,Mountain-Khakis
Mystic Outdoors Master,Base,brand,Property,Marmot
Mystic Outdoors Master,Base,brand,Property,Mtn-Hardwear
Mystic Outdoors Master,Base,brand,Property,Mystic
Mystic Outdoors Master,Base,brand,Property,Nau
Mystic Outdoors Master,Base,brand,Property,NEMO
Mystic Outdoors Master,Base,brand,Property,Oakley
Mystic Outdoors Master,Base,brand,Property,NRS
Mystic Outdoors Master,Base,brand,Property,Oboz
Mystic Outdoors Master,Base,brand,Property,Osprey
Mystic Outdoors Master,Base,brand,Property,Outdoor-Research
Mystic Outdoors Master,Base,brand,Property,Patagonia
Mystic Outdoors Master,Base,brand,Property,Pearl-Izumi
Mystic Outdoors Master,Base,brand,Property,Platypus
Mystic Outdoors Master,Base,brand,Property,prAna
Mystic Outdoors Master,Base,brand,Property,Primus
Mystic Outdoors Master,Base,brand,Property,Reflekt
Mystic Outdoors Master,Base,brand,Property,Roark-Revival
Mystic Outdoors Master,Base,brand,Property,Royal-Robbins
Mystic Outdoors Master,Base,brand,Property,Ruffwear
Mystic Outdoors Master,Base,brand,Property,Salomon
Mystic Outdoors Master,Base,brand,Property,SealLine
Mystic Outdoors Master,Base,brand,Property,Sea-to-Summit
Mystic Outdoors Master,Base,brand,Property,Serengeti
Mystic Outdoors Master,Base,brand,Property,Seattle-Sports
Mystic Outdoors Master,Base,brand,Property,Sherpa-Adventure-Gear
Mystic Outdoors Master,Base,brand,Property,Sierra-Designs
Mystic Outdoors Master,Base,brand,Property,Smith
Mystic Outdoors Master,Base,brand,Property,Smartwool
Mystic Outdoors Master,Base,brand,Property,Snow-Peak
Mystic Outdoors Master,Base,brand,Property,Solo-Stove
Mystic Outdoors Master,Base,brand,Property,Suunto
Mystic Outdoors Master,Base,brand,Property,Tentsile
Mystic Outdoors Master,Base,brand,Property,The-North-Face
Mystic Outdoors Master,Base,brand,Property,Tifosi
Mystic Outdoors Master,Base,brand,Property,Timberland
Mystic Outdoors Master,Base,brand,Property,Thorlo
Mystic Outdoors Master,Base,brand,Property,Toad-Co
Mystic Outdoors Master,Base,brand,Property,Vasque
Mystic Outdoors Master,Base,brand,Property,White-Sierra
Mystic Outdoors Master,Base,brand,Property,Timbuk2
Mystic Outdoors Master,Base,availability,Property,24hrs
Mystic Outdoors Master,Base,availability,Property,Available-for-Same-Day-In-Store-Pickup
Mystic Outdoors Master,Base,availability,Property,24-48hrs
Mystic Outdoors Master,Base,availability,Property,24-72hrs
Mystic Outdoors Master,Base,availability,Property,1-2days
Mystic Outdoors Master,Base,availability,Property,2-3days
Mystic Outdoors Master,Base,availability,Property,1-2weeks
Mystic Outdoors Master,Base,availability,Property,2-3weeks
Mystic Outdoors Master,Base,availability,Property,2-4weeks
Mystic Outdoors Master,Base,availability,Property,4-6weeks
Mystic Outdoors Master,Hats,brand-colors,Property,Big-Sur-Blue
Mystic Outdoors Master,Hats,brand-colors,Property,Black
Mystic Outdoors Master,Hats,brand-colors,Property,Cairn
Mystic Outdoors Master,Hats,brand-colors,Property,Crocus
Mystic Outdoors Master,Hats,brand-colors,Property,Desert-Camo
Mystic Outdoors Master,Hats,brand-colors,Property,Dusk
Mystic Outdoors Master,Hats,brand-colors,Property,Dusty-Rose
Mystic Outdoors Master,Hats,brand-colors,Property,Earth
Mystic Outdoors Master,Hats,brand-colors,Property,Liberty
Mystic Outdoors Master,Hats,brand-colors,Property,Nightshade
Mystic Outdoors Master,Hats,brand-colors,Property,Pelican
Mystic Outdoors Master,Hats,brand-colors,Property,Pewter
Mystic Outdoors Master,Hats,brand-colors,Property,Sangria
Mystic Outdoors Master,Hats,brand-colors,Property,Seaport
Mystic Outdoors Master,Hats,brand-colors,Property,Slate
Mystic Outdoors Master,Hats,brand-colors,Property,Sunglow
Mystic Outdoors Master,Hats,brand-colors,Property,Wheat
Mystic Outdoors Master,Hats,brand-colors,Property,White
Mystic Outdoors Master,Hats,fabric-type,Property,Acrylic
Mystic Outdoors Master,Hats,fabric-type,Property,Cotton-/-Cotton-Blend
Mystic Outdoors Master,Hats,fabric-type,Property,Hemp-/-Linen-/-Blend
Mystic Outdoors Master,Hats,fabric-type,Property,Merino-Wool
Mystic Outdoors Master,Hats,fabric-type,Property,Nylon-/-Nylon-Blend
Mystic Outdoors Master,Hats,fabric-type,Property,Polyester-/-Polyester-Blend
Mystic Outdoors Master,Hats,fabric-type,Property,Polypropylene-/-Polypropylene-Blend
Mystic Outdoors Master,Hats,fabric-type,Property,Synthetic-Blend
Mystic Outdoors Master,Hats,fabric-type,Property,Wool-/-Wool-Blend
Mystic Outdoors Master,Hats,faset-color,Property,Black
Mystic Outdoors Master,Hats,faset-color,Property,Blue
Mystic Outdoors Master,Hats,faset-color,Property,Green
Mystic Outdoors Master,Hats,faset-color,Property,Grey
Mystic Outdoors Master,Hats,faset-color,Property,Multi
Mystic Outdoors Master,Hats,faset-color,Property,Orange
Mystic Outdoors Master,Hats,faset-color,Property,Pink
Mystic Outdoors Master,Hats,faset-color,Property,Purple
Mystic Outdoors Master,Hats,faset-color,Property,Red
Mystic Outdoors Master,Hats,faset-color,Property,White
Mystic Outdoors Master,Hats,faset-color,Property,Yellow
Mystic Outdoors Master,Hats,gender,Property,Men-s
Mystic Outdoors Master,Hats,gender,Property,Unisex
Mystic Outdoors Master,Hats,gender,Property,Women-s
Mystic Outdoors Master,Hats,size,Property,One-Size
Mystic Outdoors Master,Hats,hat-style,Property,Ball-Cap
Mystic Outdoors Master,Hats,hat-style,Property,Beanie
Mystic Outdoors Master,Hats,hat-style,Property,Headband
Mystic Outdoors Master,Hats,hat-style,Property,Rain-Hat
Mystic Outdoors Master,Hats,hat-style,Property,Sun-Hat
Mystic Outdoors Master,Hats,hat-style,Property,Winter-Hat
Mystic Outdoors Master,Hats,brand-colors,Option,Anthracite-Black
Mystic Outdoors Master,Hats,brand-colors,Option,Aquamarine
Mystic Outdoors Master,Hats,brand-colors,Option,Avatar-Blue
Mystic Outdoors Master,Hats,brand-colors,Option,Big-Sur-Blue
Mystic Outdoors Master,Hats,brand-colors,Option,Black
Mystic Outdoors Master,Hats,brand-colors,Option,Black/Lime-Punch
Mystic Outdoors Master,Hats,brand-colors,Option,Blue
Mystic Outdoors Master,Hats,brand-colors,Option,Blue-Night
Mystic Outdoors Master,Hats,brand-colors,Option,Cairn
Mystic Outdoors Master,Hats,brand-colors,Option,Charcoal/Graphite
Mystic Outdoors Master,Hats,brand-colors,Option,Chromatic-Yellow
Mystic Outdoors Master,Hats,brand-colors,Option,Cranberry/Aubergine
Mystic Outdoors Master,Hats,brand-colors,Option,Crocus
Mystic Outdoors Master,Hats,brand-colors,Option,Dark-Raspberry
Mystic Outdoors Master,Hats,brand-colors,Option,Dark-Shadow
Mystic Outdoors Master,Hats,brand-colors,Option,Deep-Sea-Blue
Mystic Outdoors Master,Hats,brand-colors,Option,Desert-Camo
Mystic Outdoors Master,Hats,brand-colors,Option,Diablo
Mystic Outdoors Master,Hats,brand-colors,Option,Dijon-Brown/Urban-Navy
Mystic Outdoors Master,Hats,brand-colors,Option,Dusk
Mystic Outdoors Master,Hats,brand-colors,Option,Dusty-Rose
Mystic Outdoors Master,Hats,brand-colors,Option,Earth
Mystic Outdoors Master,Hats,brand-colors,Option,Fire
Mystic Outdoors Master,Hats,brand-colors,Option,Flame-Orange
Mystic Outdoors Master,Hats,brand-colors,Option,Graphite/Bright-Fuchsia
Mystic Outdoors Master,Hats,brand-colors,Option,Green
Mystic Outdoors Master,Hats,brand-colors,Option,Green-Apple
Mystic Outdoors Master,Hats,brand-colors,Option,Grey-Tar/Forge-Grey
Mystic Outdoors Master,Hats,brand-colors,Option,Gunmetal
Mystic Outdoors Master,Hats,brand-colors,Option,Gunmetal/Lime-Punch
Mystic Outdoors Master,Hats,brand-colors,Option,Liberty
Mystic Outdoors Master,Hats,brand-colors,Option,Magma
Mystic Outdoors Master,Hats,brand-colors,Option,Maple-Orange
Mystic Outdoors Master,Hats,brand-colors,Option,Marine-Blue
Mystic Outdoors Master,Hats,brand-colors,Option,Midnight-Blue
Mystic Outdoors Master,Hats,brand-colors,Option,Molten-Lava
Mystic Outdoors Master,Hats,brand-colors,Option,Mystic-Magenta
Mystic Outdoors Master,Hats,brand-colors,Option,Nightshade
Mystic Outdoors Master,Hats,brand-colors,Option,Nightsky
Mystic Outdoors Master,Hats,brand-colors,Option,Onyx-Black
Mystic Outdoors Master,Hats,brand-colors,Option,Orange
Mystic Outdoors Master,Hats,brand-colors,Option,Pelican
Mystic Outdoors Master,Hats,brand-colors,Option,Pewter
Mystic Outdoors Master,Hats,brand-colors,Option,Pine-Green
Mystic Outdoors Master,Hats,brand-colors,Option,Pink-Lotus
Mystic Outdoors Master,Hats,brand-colors,Option,Poincianaornge/Asphltgry
Mystic Outdoors Master,Hats,brand-colors,Option,Purple
Mystic Outdoors Master,Hats,brand-colors,Option,Red
Mystic Outdoors Master,Hats,brand-colors,Option,Sangria
Mystic Outdoors Master,Hats,brand-colors,Option,Seaport
Mystic Outdoors Master,Hats,brand-colors,Option,Shadow-Black/Berry
Mystic Outdoors Master,Hats,brand-colors,Option,Sky--Blue
Mystic Outdoors Master,Hats,brand-colors,Option,Slate
Mystic Outdoors Master,Hats,brand-colors,Option,Solar-Flare-Orange
Mystic Outdoors Master,Hats,brand-colors,Option,Storm-Black
Mystic Outdoors Master,Hats,brand-colors,Option,Stormcloud-Grey
Mystic Outdoors Master,Hats,brand-colors,Option,Teal
Mystic Outdoors Master,Hats,brand-colors,Option,Thunderhead-Grey
Mystic Outdoors Master,Hats,brand-colors,Option,Titanium
Mystic Outdoors Master,Hats,brand-colors,Option,True-Teal
Mystic Outdoors Master,Hats,brand-colors,Option,Waxed-Field-Brown
Mystic Outdoors Master,Hats,brand-colors,Option,Wheat
Mystic Outdoors Master,Hats,brand-colors,Option,White
Mystic Outdoors Master,Hats,brand-colors,Option,Sunglow
Mystic Outdoors Master,Hats,brand-colors,Option,Yellow
Mystic Outdoors Master,Hats,size,Option,Large
Mystic Outdoors Master,Hats,size,Option,L/XL
Mystic Outdoors Master,Hats,size,Option,Medium
Mystic Outdoors Master,Hats,size,Option,M/L
Mystic Outdoors Master,Hats,size,Option,One-Size
Mystic Outdoors Master,Hats,size,Option,Regular
Mystic Outdoors Master,Hats,size,Option,Small
Mystic Outdoors Master,Hats,size,Option,S/M
Mystic Outdoors Master,Hats,size,Option,Short
Mystic Outdoors Master,Hats,size,Option,Tall
Mystic Outdoors Master,Hats,size,Option,Extra Large
Mystic Outdoors Master,Hats,size,Option,XS
Mystic Outdoors Master,Hats,size,Option,XS/S
Mystic Outdoors Master,Hats,size,Option,100-fl.-oz.
Mystic Outdoors Master,Hiking Footwear,gender,Property,Boys-
Mystic Outdoors Master,Hiking Footwear,gender,Property,Girls-
Mystic Outdoors Master,Hiking Footwear,gender,Property,Kids-
Mystic Outdoors Master,Hiking Footwear,gender,Property,Men-s
Mystic Outdoors Master,Hiking Footwear,gender,Property,Unisex
Mystic Outdoors Master,Hiking Footwear,gender,Property,Women-s
Mystic Outdoors Master,Hiking Footwear,brand-colors,Property,Ash-Stone
Mystic Outdoors Master,Hiking Footwear,brand-colors,Property,Autobahn/Black/Tomato-Red
Mystic Outdoors Master,Hiking Footwear,brand-colors,Property,Barley
Mystic Outdoors Master,Hiking Footwear,brand-colors,Property,Bitter-Root
Mystic Outdoors Master,Hiking Footwear,brand-colors,Property,Black
Mystic Outdoors Master,Hiking Footwear,brand-colors,Property,Black/Burnt-Olive
Mystic Outdoors Master,Hiking Footwear,brand-colors,Property,Black/Cajun
Mystic Outdoors Master,Hiking Footwear,brand-colors,Property,Black/Greenery
Mystic Outdoors Master,Hiking Footwear,brand-colors,Property,Brown
Mystic Outdoors Master,Hiking Footwear,brand-colors,Property,Brown/Green
Mystic Outdoors Master,Hiking Footwear,brand-colors,Property,Brown/Mint
Mystic Outdoors Master,Hiking Footwear,brand-colors,Property,Brown/Taupe/Clementine
Mystic Outdoors Master,Hiking Footwear,brand-colors,Property,Burnt-Maple
Mystic Outdoors Master,Hiking Footwear,brand-colors,Property,Castlerock/Tender-Shoots
Mystic Outdoors Master,Hiking Footwear,brand-colors,Property,Cocoa-Brown
Mystic Outdoors Master,Hiking Footwear,brand-colors,Property,Dark-Gray/Navy
Mystic Outdoors Master,Hiking Footwear,brand-colors,Property,Dark-Olive
Mystic Outdoors Master,Hiking Footwear,brand-colors,Property,Dark-Purple/Purple-Sage
Mystic Outdoors Master,Hiking Footwear,brand-colors,Property,Dark-Sand/Cendre
Mystic Outdoors Master,Hiking Footwear,brand-colors,Property,Dark-Shadow-Grey/Green
Mystic Outdoors Master,Hiking Footwear,brand-colors,Property,Glacier
Mystic Outdoors Master,Hiking Footwear,brand-colors,Property,Granite
Mystic Outdoors Master,Hiking Footwear,brand-colors,Property,Graphite
Mystic Outdoors Master,Hiking Footwear,brand-colors,Property,Graphite/Black
Mystic Outdoors Master,Hiking Footwear,brand-colors,Property,Gray/Mint
Mystic Outdoors Master,Hiking Footwear,brand-colors,Property,Gray/Wild-Dove
Mystic Outdoors Master,Hiking Footwear,brand-colors,Property,Green
Mystic Outdoors Master,Hiking Footwear,brand-colors,Property,Griffin-Grey/Shady-Blue
Mystic Outdoors Master,Hiking Footwear,brand-colors,Property,Honeysuckle-Pink/Tnf-White
Mystic Outdoors Master,Hiking Footwear,brand-colors,Property,India-Ink/Macaw
Mystic Outdoors Master,Hiking Footwear,brand-colors,Property,Leaf
Mystic Outdoors Master,Hiking Footwear,brand-colors,Property,Magenta
Mystic Outdoors Master,Hiking Footwear,brand-colors,Property,Magnet/Cerise-Pink
Mystic Outdoors Master,Hiking Footwear,brand-colors,Property,Midnight-Navy/Tawny-Olive
Mystic Outdoors Master,Hiking Footwear,brand-colors,Property,Olive
Mystic Outdoors Master,Hiking Footwear,brand-colors,Property,Radiance/Goat
Mystic Outdoors Master,Hiking Footwear,brand-colors,Property,Raven/Burnt-Ochre
Mystic Outdoors Master,Hiking Footwear,brand-colors,Property,Royal-Lilac/Adventurine
Mystic Outdoors Master,Hiking Footwear,brand-colors,Property,Sesame
Mystic Outdoors Master,Hiking Footwear,brand-colors,Property,Silver-Birch/Canteen
Mystic Outdoors Master,Hiking Footwear,brand-colors,Property,Silver/Gray
Mystic Outdoors Master,Hiking Footwear,brand-colors,Property,Slate-Brown/Red-Mahogany
Mystic Outdoors Master,Hiking Footwear,brand-colors,Property,Slate/Caramel
Mystic Outdoors Master,Hiking Footwear,brand-colors,Property,Sodalite
Mystic Outdoors Master,Hiking Footwear,brand-colors,Property,Steel-Gray/Hydrangea
Mystic Outdoors Master,Hiking Footwear,brand-colors,Property,Tnf-Black/Tnf-White
Mystic Outdoors Master,Hiking Footwear,brand-colors,Property,Warm-Grey/Beetroot/Salmon
Mystic Outdoors Master,Hiking Footwear,footwear-height,Property,Ankle
Mystic Outdoors Master,Hiking Footwear,footwear-height,Property,Over-the-ankle
Mystic Outdoors Master,Hiking Footwear,features,Property,Can-Be-Resoled
Mystic Outdoors Master,Hiking Footwear,features,Property,Made-in-USA
Mystic Outdoors Master,Hiking Footwear,features,Property,New-Arrivals
Mystic Outdoors Master,Hiking Footwear,features,Property,Vegan
Mystic Outdoors Master,Hiking Footwear,features,Property,Waterproof
Mystic Outdoors Master,Hiking Footwear,footwear-closure,Property,Lace-up
Mystic Outdoors Master,Hiking Footwear,footwear-closure,Property,Single-pull-Lace
Mystic Outdoors Master,Hiking Footwear,brand-colors,Option,Ash-Stone
Mystic Outdoors Master,Hiking Footwear,brand-colors,Option,Autobahn/Black/Tomato-Red
Mystic Outdoors Master,Hiking Footwear,brand-colors,Option,Barley
Mystic Outdoors Master,Hiking Footwear,brand-colors,Option,Bitter-Root
Mystic Outdoors Master,Hiking Footwear,brand-colors,Option,Black
Mystic Outdoors Master,Hiking Footwear,brand-colors,Option,Black/Burnt-Olive
Mystic Outdoors Master,Hiking Footwear,brand-colors,Option,Black/Cajun
Mystic Outdoors Master,Hiking Footwear,brand-colors,Option,Black/Greenery
Mystic Outdoors Master,Hiking Footwear,brand-colors,Option,Brown
Mystic Outdoors Master,Hiking Footwear,brand-colors,Option,Brown/Green
Mystic Outdoors Master,Hiking Footwear,brand-colors,Option,Brown/Mint
Mystic Outdoors Master,Hiking Footwear,brand-colors,Option,Brown/Taupe/Clementine
Mystic Outdoors Master,Hiking Footwear,brand-colors,Option,Burnt-Maple
Mystic Outdoors Master,Hiking Footwear,brand-colors,Option,Castlerock/Tender-Shoots
Mystic Outdoors Master,Hiking Footwear,brand-colors,Option,Cocoa-Brown
Mystic Outdoors Master,Hiking Footwear,brand-colors,Option,Dark-Gray/Navy
Mystic Outdoors Master,Hiking Footwear,brand-colors,Option,Dark-Olive
Mystic Outdoors Master,Hiking Footwear,brand-colors,Option,Dark-Purple/Purple-Sage
Mystic Outdoors Master,Hiking Footwear,brand-colors,Option,Dark-Sand/Cendre
Mystic Outdoors Master,Hiking Footwear,brand-colors,Option,Dark-Shadow-Grey/Green
Mystic Outdoors Master,Hiking Footwear,brand-colors,Option,Glacier
Mystic Outdoors Master,Hiking Footwear,brand-colors,Option,Granite
Mystic Outdoors Master,Hiking Footwear,brand-colors,Option,Graphite
Mystic Outdoors Master,Hiking Footwear,brand-colors,Option,Graphite/Black
Mystic Outdoors Master,Hiking Footwear,brand-colors,Option,Gray/Mint
Mystic Outdoors Master,Hiking Footwear,brand-colors,Option,Gray/Wild-Dove
Mystic Outdoors Master,Hiking Footwear,brand-colors,Option,Green
Mystic Outdoors Master,Hiking Footwear,brand-colors,Option,Griffin-Grey/Shady-Blue
Mystic Outdoors Master,Hiking Footwear,brand-colors,Option,Honeysuckle-Pink/Tnf-White
Mystic Outdoors Master,Hiking Footwear,brand-colors,Option,India-Ink/Macaw
Mystic Outdoors Master,Hiking Footwear,brand-colors,Option,Leaf
Mystic Outdoors Master,Hiking Footwear,brand-colors,Option,Magenta
Mystic Outdoors Master,Hiking Footwear,brand-colors,Option,Magnet/Cerise-Pink
Mystic Outdoors Master,Hiking Footwear,brand-colors,Option,Midnight-Navy/Tawny-Olive
Mystic Outdoors Master,Hiking Footwear,brand-colors,Option,Olive
Mystic Outdoors Master,Hiking Footwear,brand-colors,Option,Radiance/Goat
Mystic Outdoors Master,Hiking Footwear,brand-colors,Option,Raven/Burnt-Ochre
Mystic Outdoors Master,Hiking Footwear,brand-colors,Option,Royal-Lilac/Adventurine
Mystic Outdoors Master,Hiking Footwear,brand-colors,Option,Sesame
Mystic Outdoors Master,Hiking Footwear,brand-colors,Option,Silver-Birch/Canteen
Mystic Outdoors Master,Hiking Footwear,brand-colors,Option,Silver/Gray
Mystic Outdoors Master,Hiking Footwear,brand-colors,Option,Slate-Brown/Red-Mahogany
Mystic Outdoors Master,Hiking Footwear,brand-colors,Option,Slate/Caramel
Mystic Outdoors Master,Hiking Footwear,brand-colors,Option,Sodalite
Mystic Outdoors Master,Hiking Footwear,brand-colors,Option,Steel-Gray/Hydrangea
Mystic Outdoors Master,Hiking Footwear,brand-colors,Option,Tnf-Black/Tnf-White
Mystic Outdoors Master,Hiking Footwear,brand-colors,Option,Warm-Grey/Beetroot/Salmon
Mystic Outdoors Master,Hiking Footwear,shoe-size,Option,5
Mystic Outdoors Master,Hiking Footwear,shoe-size,Option,5.5
Mystic Outdoors Master,Hiking Footwear,shoe-size,Option,6
Mystic Outdoors Master,Hiking Footwear,shoe-size,Option,6.5
Mystic Outdoors Master,Hiking Footwear,shoe-size,Option,7
Mystic Outdoors Master,Hiking Footwear,shoe-size,Option,7.5
Mystic Outdoors Master,Hiking Footwear,shoe-size,Option,8
Mystic Outdoors Master,Hiking Footwear,shoe-size,Option,8.5
Mystic Outdoors Master,Hiking Footwear,shoe-size,Option,9
Mystic Outdoors Master,Hiking Footwear,shoe-size,Option,9.5
Mystic Outdoors Master,Hiking Footwear,shoe-size,Option,10
Mystic Outdoors Master,Hiking Footwear,shoe-size,Option,10.5
Mystic Outdoors Master,Hiking Footwear,shoe-size,Option,11
Mystic Outdoors Master,Hiking Footwear,shoe-size,Option,11.5
Mystic Outdoors Master,Hiking Footwear,shoe-size,Option,12
Mystic Outdoors Master,Hiking Footwear,shoe-size,Option,12.5
Mystic Outdoors Master,Hiking Footwear,shoe-size,Option,13
Mystic Outdoors Master,Hiking Footwear,shoe-size,Option,Kids-1
Mystic Outdoors Master,Hiking Footwear,shoe-size,Option,Kids-2
Mystic Outdoors Master,Hiking Footwear,shoe-size,Option,Kids-3
Mystic Outdoors Master,Hiking Footwear,shoe-size,Option,Kids-4
Mystic Outdoors Master,Hiking Footwear,shoe-size,Option,Kids-5
Mystic Outdoors Master,Hiking Footwear,shoe-size,Option,Kids-6
Mystic Outdoors Master,Hiking Footwear,shoe-size,Option,Kids-8
Mystic Outdoors Master,Hiking Footwear,shoe-size,Option,Kids-9
Mystic Outdoors Master,Hiking Footwear,shoe-size,Option,Kids-10
Mystic Outdoors Master,Hiking Footwear,shoe-size,Option,Kids-11
Mystic Outdoors Master,Hiking Footwear,shoe-size,Option,Kids-12
Mystic Outdoors Master,Hiking Footwear,shoe-size,Option,Kids-13
Mystic Outdoors Master,Hammock,seasons,Property,2-Season
Mystic Outdoors Master,Hammock,seasons,Property,3-Season
Mystic Outdoors Master,Hammock,seasons,Property,4-Season
Mystic Outdoors Master,Hammock,seasons,Property,3---4-Season
Mystic Outdoors Master,Hammock,material,Property,Cotton
Mystic Outdoors Master,Hammock,material,Property,High-tenacity-nylon
Mystic Outdoors Master,Hammock,material,Property,Nylon
Mystic Outdoors Master,Hammock,material,Property,Nylon/closed-cell-foam
Mystic Outdoors Master,Hammock,material,Property,Nylon/mesh
Mystic Outdoors Master,Hammock,material,Property,Polyester/multidensity-foam
Mystic Outdoors Master,Hammock,material,Property,Polyurethane-coated-nylon
Mystic Outdoors Master,Hammock,material,Property,Ripstop-high-density-polyethylene--HDPE-
Mystic Outdoors Master,Hammock,material,Property,Ripstop-nylon
Mystic Outdoors Master,Hammock,material,Property,Ripstop-nylon/nylon-oxford
Mystic Outdoors Master,Hammock,material,Property,100-denier-nylon
Mystic Outdoors Master,Hammock,material,Property,150-denier-nylon
Mystic Outdoors Master,Hammock,material,Property,600-denier-polyester
Mystic Outdoors Master,Hammock,material,Property,300-denier-ripstop-polyester
Mystic Outdoors Master,Hammock,features,Property,Convertible
Mystic Outdoors Master,Hammock,features,Property,Built-in-LED-lighting
Mystic Outdoors Master,Hammock,features,Property,Packable
Mystic Outdoors Master,Hammock,features,Property,Quick-Drying
Mystic Outdoors Master,Hammock,sleeping-capacity,Property,1-Person
Mystic Outdoors Master,Hammock,sleeping-capacity,Property,2-Person
Mystic Outdoors Master,Hammock,sleeping-capacity,Property,3-Person
Mystic Outdoors Master,Hammock,sleeping-capacity,Property,4-Person
Mystic Outdoors Master,Hammock,sleeping-capacity,Property,5-Person
Mystic Outdoors Master,Hammock,sleeping-capacity,Property,6-Person
Mystic Outdoors Master,Hammock,sleeping-capacity,Property,8--Person
Mystic Outdoors Master,Hammock,weight,Property,0-to-0.49
Mystic Outdoors Master,Hammock,weight,Property,1-to-1.49
Mystic Outdoors Master,Hammock,weight,Property,3-to-4.99
Mystic Outdoors Master,Hammock,weight,Property,0.5-to-0.99
Mystic Outdoors Master,Hammock,weight,Property,5-to-7.99
Mystic Outdoors Master,Hammock,weight,Property,8-to-11.99
Mystic Outdoors Master,Hammock,weight,Property,1.50-to-2.99
Mystic Outdoors Master,Hammock,weight,Property,20-to-29.99
Mystic Outdoors Master,Hammock,brand-colors,Option,Anthracite-Black
Mystic Outdoors Master,Hammock,brand-colors,Option,Aquamarine
Mystic Outdoors Master,Hammock,brand-colors,Option,Ash-Stone
Mystic Outdoors Master,Hammock,brand-colors,Option,Autobahn/Black/Tomato-Red
Mystic Outdoors Master,Hammock,brand-colors,Option,Avatar-Blue
Mystic Outdoors Master,Hammock,brand-colors,Option,Barley
Mystic Outdoors Master,Hammock,brand-colors,Option,Bay-Blue
Mystic Outdoors Master,Hammock,brand-colors,Option,Big-Sur-Blue
Mystic Outdoors Master,Hammock,brand-colors,Option,Bitter-Root
Mystic Outdoors Master,Hammock,brand-colors,Option,Black
Mystic Outdoors Master,Hammock,brand-colors,Option,Black/Burnt-Olive
Mystic Outdoors Master,Hammock,brand-colors,Option,Black/Cajun
Mystic Outdoors Master,Hammock,brand-colors,Option,Black/Greenery
Mystic Outdoors Master,Hammock,brand-colors,Option,Black/Lime-Punch
Mystic Outdoors Master,Hammock,brand-colors,Option,Blue
Mystic Outdoors Master,Hammock,brand-colors,Option,Blue-Mountains
Mystic Outdoors Master,Hammock,brand-colors,Option,Blue-Night
Mystic Outdoors Master,Hammock,brand-colors,Option,Blue-Petal
Mystic Outdoors Master,Hammock,brand-colors,Option,Blue-Spring
Mystic Outdoors Master,Hammock,brand-colors,Option,Brown
Mystic Outdoors Master,Hammock,brand-colors,Option,Brown/Green
Mystic Outdoors Master,Hammock,brand-colors,Option,Brown/Mint
Mystic Outdoors Master,Hammock,brand-colors,Option,Brown/Taupe/Clementine
Mystic Outdoors Master,Hammock,brand-colors,Option,Burnt-Maple
Mystic Outdoors Master,Hammock,brand-colors,Option,Cairn
Mystic Outdoors Master,Hammock,brand-colors,Option,Camper-Arrows
Mystic Outdoors Master,Hammock,brand-colors,Option,Cardinal-Red/Asphalt-Grey
Mystic Outdoors Master,Hammock,brand-colors,Option,Castlerock/Tender-Shoots
Mystic Outdoors Master,Hammock,brand-colors,Option,Charcoal
Mystic Outdoors Master,Hammock,brand-colors,Option,Charcoal/Graphite
Mystic Outdoors Master,Hammock,brand-colors,Option,Chromatic-Yellow
Mystic Outdoors Master,Hammock,brand-colors,Option,Cocoa-Brown
Mystic Outdoors Master,Hammock,brand-colors,Option,Cranberry/Aubergine
Mystic Outdoors Master,Hammock,brand-colors,Option,Crocus
Mystic Outdoors Master,Hammock,brand-colors,Option,Dark-Gray/Navy
Mystic Outdoors Master,Hammock,brand-colors,Option,Dark-Olive
Mystic Outdoors Master,Hammock,brand-colors,Option,Dark-Purple/Purple-Sage
Mystic Outdoors Master,Hammock,brand-colors,Option,Dark-Raspberry
Mystic Outdoors Master,Hammock,brand-colors,Option,Dark-Sand/Cendre
Mystic Outdoors Master,Hammock,brand-colors,Option,Dark-Shadow
Mystic Outdoors Master,Hammock,brand-colors,Option,Dark-Shadow-Grey/Green
Mystic Outdoors Master,Hammock,brand-colors,Option,Deep-Sea-Blue
Mystic Outdoors Master,Hammock,brand-colors,Option,Desert-Camo
Mystic Outdoors Master,Hammock,brand-colors,Option,Diablo
Mystic Outdoors Master,Hammock,brand-colors,Option,Dijon-Brown/Urban-Navy
Mystic Outdoors Master,Hammock,brand-colors,Option,Dusk
Mystic Outdoors Master,Hammock,brand-colors,Option,Dusty-Rose
Mystic Outdoors Master,Hammock,brand-colors,Option,Earth
Mystic Outdoors Master,Hammock,brand-colors,Option,Fire
Mystic Outdoors Master,Hammock,brand-colors,Option,Flame-Orange
Mystic Outdoors Master,Hammock,brand-colors,Option,Glacier
Mystic Outdoors Master,Hammock,brand-colors,Option,Glacier-Grey
Mystic Outdoors Master,Hammock,brand-colors,Option,Granite
Mystic Outdoors Master,Hammock,brand-colors,Option,Granite-Gray
Mystic Outdoors Master,Hammock,brand-colors,Option,Graphite
Mystic Outdoors Master,Hammock,brand-colors,Option,Graphite/Black
Mystic Outdoors Master,Hammock,brand-colors,Option,Graphite/Bright-Fuchsia
Mystic Outdoors Master,Hammock,brand-colors,Option,Gray/Mint
Mystic Outdoors Master,Hammock,brand-colors,Option,Gray/Plum
Mystic Outdoors Master,Hammock,brand-colors,Option,Gray/Wild-Dove
Mystic Outdoors Master,Hammock,brand-colors,Option,Green
Mystic Outdoors Master,Hammock,brand-colors,Option,Green-Apple
Mystic Outdoors Master,Hammock,brand-colors,Option,Green-Lime/Steel
Mystic Outdoors Master,Hammock,brand-colors,Option,Grey
Mystic Outdoors Master,Hammock,brand-colors,Option,Grey-Ice
Mystic Outdoors Master,Hammock,brand-colors,Option,Grey/Putty/Apple-Green
Mystic Outdoors Master,Hammock,brand-colors,Option,Grey-Tar/Forge-Grey
Mystic Outdoors Master,Hammock,brand-colors,Option,Griffin-Grey/Shady-Blue
Mystic Outdoors Master,Hammock,brand-colors,Option,Gunmetal
Mystic Outdoors Master,Hammock,brand-colors,Option,Gunmetal/Lime-Punch
Mystic Outdoors Master,Hammock,brand-colors,Option,Honeysuckle-Pink/Tnf-White
Mystic Outdoors Master,Hammock,brand-colors,Option,India-Ink/Macaw
Mystic Outdoors Master,Hammock,brand-colors,Option,Leaf
Mystic Outdoors Master,Hammock,brand-colors,Option,Liberty
Mystic Outdoors Master,Hammock,brand-colors,Option,Magenta
Mystic Outdoors Master,Hammock,brand-colors,Option,Magma
Mystic Outdoors Master,Hammock,brand-colors,Option,Magnet/Cerise-Pink
Mystic Outdoors Master,Hammock,brand-colors,Option,Maple-Orange
Mystic Outdoors Master,Hammock,brand-colors,Option,Marine-Blue
Mystic Outdoors Master,Hammock,brand-colors,Option,Meadow-Green
Mystic Outdoors Master,Hammock,brand-colors,Option,Midnight-Blue
Mystic Outdoors Master,Hammock,brand-colors,Option,Midnight-Navy/Tawny-Olive
Mystic Outdoors Master,Hammock,brand-colors,Option,Molten-Lava
Mystic Outdoors Master,Hammock,brand-colors,Option,Monument-Valley
Mystic Outdoors Master,Hammock,brand-colors,Option,Moss-Green
Mystic Outdoors Master,Hammock,brand-colors,Option,Mystic-Magenta
Mystic Outdoors Master,Hammock,brand-colors,Option,Navy
Mystic Outdoors Master,Hammock,brand-colors,Option,Night/Ultraviolet
Mystic Outdoors Master,Hammock,brand-colors,Option,Nightshade
Mystic Outdoors Master,Hammock,brand-colors,Option,Nightsky
Mystic Outdoors Master,Hammock,brand-colors,Option,Olive
Mystic Outdoors Master,Hammock,brand-colors,Option,Onyx-Black
Mystic Outdoors Master,Hammock,brand-colors,Option,Orange
Mystic Outdoors Master,Hammock,brand-colors,Option,Orange/Cream
Mystic Outdoors Master,Hammock,brand-colors,Option,Orange/Fog
Mystic Outdoors Master,Hammock,brand-colors,Option,Orchid
Mystic Outdoors Master,Hammock,brand-colors,Option,Pacific-Blue
Mystic Outdoors Master,Hammock,brand-colors,Option,Pelican
Mystic Outdoors Master,Hammock,brand-colors,Option,Pewter
Mystic Outdoors Master,Hammock,brand-colors,Option,Pine-Green
Mystic Outdoors Master,Hammock,brand-colors,Option,Pink-Lotus
Mystic Outdoors Master,Hammock,brand-colors,Option,Poincianaornge/Asphltgry
Mystic Outdoors Master,Hammock,brand-colors,Option,Purple
Mystic Outdoors Master,Hammock,brand-colors,Option,Radiance/Goat
Mystic Outdoors Master,Hammock,brand-colors,Option,Raven/Burnt-Ochre
Mystic Outdoors Master,Hammock,brand-colors,Option,Red
Mystic Outdoors Master,Hammock,brand-colors,Option,Red-Currant
Mystic Outdoors Master,Hammock,brand-colors,Option,Royal-Lilac/Adventurine
Mystic Outdoors Master,Hammock,brand-colors,Option,Sangria
Mystic Outdoors Master,Hammock,brand-colors,Option,Seaport
Mystic Outdoors Master,Hammock,brand-colors,Option,Sesame
Mystic Outdoors Master,Hammock,brand-colors,Option,Shadow-Black/Berry
Mystic Outdoors Master,Hammock,brand-colors,Option,Silver-Birch/Canteen
Mystic Outdoors Master,Hammock,brand-colors,Option,Silver/Gray
Mystic Outdoors Master,Hammock,brand-colors,Option,Silver-Gray-Heather
Mystic Outdoors Master,Hammock,brand-colors,Option,Sky--Blue
Mystic Outdoors Master,Hammock,brand-colors,Option,Slate
Mystic Outdoors Master,Hammock,brand-colors,Option,Slate-Brown/Red-Mahogany
Mystic Outdoors Master,Hammock,brand-colors,Option,Slate/Caramel
Mystic Outdoors Master,Hammock,brand-colors,Option,Sockeye-Red
Mystic Outdoors Master,Hammock,brand-colors,Option,Sodalite
Mystic Outdoors Master,Hammock,brand-colors,Option,Solar-Flare-Orange
Mystic Outdoors Master,Hammock,brand-colors,Option,Steel-Gray/Hydrangea
Mystic Outdoors Master,Hammock,brand-colors,Option,Storm-Black
Mystic Outdoors Master,Hammock,brand-colors,Option,Stormcloud-Grey
Mystic Outdoors Master,Hammock,brand-colors,Option,Sunglow
Mystic Outdoors Master,Hammock,brand-colors,Option,Sunset-Orange/Gray
Mystic Outdoors Master,Hammock,brand-colors,Option,Tan/Yellow
Mystic Outdoors Master,Hammock,brand-colors,Option,Teal
Mystic Outdoors Master,Hammock,brand-colors,Option,Terra-Cotta/Silver
Mystic Outdoors Master,Hammock,brand-colors,Option,Thunderhead-Grey
Mystic Outdoors Master,Hammock,brand-colors,Option,Titanium
Mystic Outdoors Master,Hammock,brand-colors,Option,Tnf-Black/Tnf-White
Mystic Outdoors Master,Hammock,brand-colors,Option,True-Teal
Mystic Outdoors Master,Hammock,brand-colors,Option,Twilight-Gray
Mystic Outdoors Master,Hammock,brand-colors,Option,Walnut
Mystic Outdoors Master,Hammock,brand-colors,Option,Warm-Grey/Beetroot/Salmon
Mystic Outdoors Master,Hammock,brand-colors,Option,Wave-Orange
Mystic Outdoors Master,Hammock,brand-colors,Option,Waxed-Field-Brown
Mystic Outdoors Master,Hammock,brand-colors,Option,Wheat
Mystic Outdoors Master,Hammock,brand-colors,Option,White
Mystic Outdoors Master,Hammock,brand-colors,Option,Yellow
Mystic Outdoors Master,Hammock,brand-colors,Option,Yellow/Red
Mystic Outdoors Master,Hiking Jacket,features,Property,Insect-Repellent
Mystic Outdoors Master,Hiking Jacket,features,Property,Insulated
Mystic Outdoors Master,Hiking Jacket,features,Property,Moisture-Wicking
Mystic Outdoors Master,Hiking Jacket,features,Property,New-Arrivals
Mystic Outdoors Master,Hiking Jacket,features,Property,Packable
Mystic Outdoors Master,Hiking Jacket,features,Property,Quick-Drying
Mystic Outdoors Master,Hiking Jacket,features,Property,Thumbholes
Mystic Outdoors Master,Hiking Jacket,features,Property,Water-Resistant-Down
Mystic Outdoors Master,Hiking Jacket,features,Property,Waterproof
Mystic Outdoors Master,Hiking Jacket,features,Property,2-Way-Zipper
Mystic Outdoors Master,Hiking Jacket,features,Property,3-in-1-Jacket
Mystic Outdoors Master,Hiking Jacket,features,Property,Hood
Mystic Outdoors Master,Hiking Jacket,features,Property,Goose-Down
Mystic Outdoors Master,Hiking Jacket,features,Property,Pit-Zips
Mystic Outdoors Master,Hiking Jacket,features,Property,Windproof
Mystic Outdoors Master,Hiking Jacket,gender,Property,Boys-
Mystic Outdoors Master,Hiking Jacket,gender,Property,Girls-
Mystic Outdoors Master,Hiking Jacket,gender,Property,Kids-
Mystic Outdoors Master,Hiking Jacket,gender,Property,Men-s
Mystic Outdoors Master,Hiking Jacket,gender,Property,Unisex
Mystic Outdoors Master,Hiking Jacket,gender,Property,Women-s
Mystic Outdoors Master,Hiking Jacket,insulation-type,Property,Down
Mystic Outdoors Master,Hiking Jacket,insulation-type,Property,Down-/-Synthetic-Blend
Mystic Outdoors Master,Hiking Jacket,insulation-type,Property,Synthetic
Mystic Outdoors Master,Hiking Jacket,back-length,Property,Hip-length
Mystic Outdoors Master,Hiking Jacket,back-length,Property,Thigh-length
Mystic Outdoors Master,Hiking Jacket,back-length,Property,Waist-length
Mystic Outdoors Master,Hiking Jacket,fabric-type,Property,Cotton-/-Cotton-Blend
Mystic Outdoors Master,Hiking Jacket,fabric-type,Property,Nylon-/-Nylon-Blend
Mystic Outdoors Master,Hiking Jacket,fabric-type,Property,Polyester-/-Polyester-Blend
Mystic Outdoors Master,Hiking Jacket,fabric-type,Property,Polypropylene-/-Polypropylene-Blend
Mystic Outdoors Master,Hiking Jacket,fabric-type,Property,Synthetic-Blend
Mystic Outdoors Master,Hiking Jacket,fabric-type,Property,Nylon
Mystic Outdoors Master,Hiking Jacket,fabric-type,Property,Polyamide
Mystic Outdoors Master,Hiking Jacket,fabric-type,Property,Polyester-Fleece
Mystic Outdoors Master,Hiking Jacket,fabric-type,Property,Polyester-Microfleece
Mystic Outdoors Master,Hiking Jacket,fabric-type,Property,Recycled-Ripstop-Nylon
Mystic Outdoors Master,Hiking Jacket,fabric-type,Property,Recycled-Ripstop-Polyester
Mystic Outdoors Master,Hiking Jacket,fabric-type,Property,Ripstop-Nylon
Mystic Outdoors Master,Hiking Jacket,fabric-type,Property,Ripstop-Polyester
Mystic Outdoors Master,Hiking Jacket,brand-colors,Option,Andes-Blue
Mystic Outdoors Master,Hiking Jacket,brand-colors,Option,Alpine-Green
Mystic Outdoors Master,Hiking Jacket,brand-colors,Option,Asphalt-Grey/Tnf-Black
Mystic Outdoors Master,Hiking Jacket,brand-colors,Option,Big-Sur-Blue
Mystic Outdoors Master,Hiking Jacket,brand-colors,Option,Amparo-Blue
Mystic Outdoors Master,Hiking Jacket,brand-colors,Option,Buffalo-Green
Mystic Outdoors Master,Hiking Jacket,brand-colors,Option,Manta-Grey
Mystic Outdoors Master,Hiking Jacket,brand-colors,Option,Oaks-Brown
Mystic Outdoors Master,Hiking Jacket,brand-colors,Option,Shady-Blue/Urban-Navy
Mystic Outdoors Master,Hiking Jacket,brand-colors,Option,Shark/Titanium
Mystic Outdoors Master,Hiking Jacket,brand-colors,Option,State-Orange
Mystic Outdoors Master,Hiking Jacket,brand-colors,Option,Asphalt-Grey
Mystic Outdoors Master,Hiking Jacket,brand-colors,Option,Tnf-Black
Mystic Outdoors Master,Hiking Jacket,brand-colors,Option,Cardinal-Red
Mystic Outdoors Master,Hiking Jacket,brand-colors,Option,Dune-Beige-Heather
Mystic Outdoors Master,Hiking Jacket,brand-colors,Option,Mid-Grey
Mystic Outdoors Master,Hiking Jacket,brand-colors,Option,Zinnia-Orange/Black
Mystic Outdoors Master,Hiking Jacket,brand-colors,Option,Bellflower-Purple
Mystic Outdoors Master,Hiking Jacket,brand-colors,Option,Black
Mystic Outdoors Master,Hiking Jacket,brand-colors,Option,Carve-Coral
Mystic Outdoors Master,Hiking Jacket,brand-colors,Option,Ceylon-Blue/Dark-Sapphire
Mystic Outdoors Master,Hiking Jacket,brand-colors,Option,Charcoal
Mystic Outdoors Master,Hiking Jacket,brand-colors,Option,Citrus-Ice
Mystic Outdoors Master,Hiking Jacket,brand-colors,Option,Cornflower
Mystic Outdoors Master,Hiking Jacket,brand-colors,Option,Dark-Purple
Mystic Outdoors Master,Hiking Jacket,brand-colors,Option,Deep-Olive
Mystic Outdoors Master,Hiking Jacket,brand-colors,Option,Dusty-Denim
Mystic Outdoors Master,Hiking Jacket,brand-colors,Option,Elderberry
Mystic Outdoors Master,Hiking Jacket,brand-colors,Option,Evening-Blue
Mystic Outdoors Master,Hiking Jacket,brand-colors,Option,Fuchsia
Mystic Outdoors Master,Hiking Jacket,brand-colors,Option,Galah-Green
Mystic Outdoors Master,Hiking Jacket,brand-colors,Option,Galah-Green/Nouveau-Green
Mystic Outdoors Master,Hiking Jacket,brand-colors,Option,Gemstone
Mystic Outdoors Master,Hiking Jacket,brand-colors,Option,Grape
Mystic Outdoors Master,Hiking Jacket,brand-colors,Option,Green-Frost/Green-Garnet
Mystic Outdoors Master,Hiking Jacket,brand-colors,Option,Honeysuckle-Pink
Mystic Outdoors Master,Hiking Jacket,brand-colors,Option,Honeysuckle-Pink/Tnf-White
Mystic Outdoors Master,Hiking Jacket,brand-colors,Option,Light-Khaki
Mystic Outdoors Master,Hiking Jacket,brand-colors,Option,Marine-Blue
Mystic Outdoors Master,Hiking Jacket,brand-colors,Option,Marionberry
Mystic Outdoors Master,Hiking Jacket,brand-colors,Option,Metallic-Silver
Mystic Outdoors Master,Hiking Jacket,brand-colors,Option,Moonlight-Ivory
Mystic Outdoors Master,Hiking Jacket,brand-colors,Option,Neon-Berry
Mystic Outdoors Master,Hiking Jacket,brand-colors,Option,Night/Ultraviolet
Mystic Outdoors Master,Hiking Jacket,brand-colors,Option,Olive
Mystic Outdoors Master,Hiking Jacket,brand-colors,Option,Pacific-Blue/Titanium
Mystic Outdoors Master,Hiking Jacket,brand-colors,Option,Paisley-Purple
Mystic Outdoors Master,Hiking Jacket,brand-colors,Option,Persian-Red
Mystic Outdoors Master,Hiking Jacket,brand-colors,Option,Petoskey-Purple
Mystic Outdoors Master,Hiking Jacket,brand-colors,Option,Pop-Green
Mystic Outdoors Master,Hiking Jacket,brand-colors,Option,Purple-Rain
Mystic Outdoors Master,Hiking Jacket,brand-colors,Option,Quiet-Shade/Asphalt
Mystic Outdoors Master,Hiking Jacket,brand-colors,Option,Radar-Blue/Big-Sur-Blue
Mystic Outdoors Master,Hiking Jacket,brand-colors,Option,Sea-Breeze/Arctic-Navy
Mystic Outdoors Master,Hiking Jacket,brand-colors,Option,Skyrise/Paradise
Mystic Outdoors Master,Hiking Jacket,brand-colors,Option,Slate-Blue/Moroccan-Blue
Mystic Outdoors Master,Hiking Jacket,brand-colors,Option,Sunny-Lime
Mystic Outdoors Master,Hiking Jacket,brand-colors,Option,Teal/Voltage
Mystic Outdoors Master,Hiking Jacket,brand-colors,Option,Tnf-Medium-Grey-Heather
Mystic Outdoors Master,Hiking Jacket,brand-colors,Option,Urban-Army
Mystic Outdoors Master,Hiking Jacket,brand-colors,Option,Urban-Navy
Mystic Outdoors Master,Hiking Jacket,brand-colors,Option,Watermelon
Mystic Outdoors Master,Hiking Jacket,brand-colors,Option,Wild-Rose
Mystic Outdoors Master,Hiking Jacket,size,Option,XXS
Mystic Outdoors Master,Hiking Jacket,size,Option,XS
Mystic Outdoors Master,Hiking Jacket,size,Option,Small
Mystic Outdoors Master,Hiking Jacket,size,Option,Medium
Mystic Outdoors Master,Hiking Jacket,size,Option,Large
Mystic Outdoors Master,Hiking Jacket,size,Option,Extra Large
Mystic Outdoors Master,Hiking Jacket,size,Option,XXL
Mystic Outdoors Master,Hiking Jacket,size,Option,XXXL
Mystic Outdoors Master,Hiking Jacket,size,Option,1
Mystic Outdoors Master,Hiking Jacket,size,Option,2
Mystic Outdoors Master,Hiking Jacket,size,Option,3
Mystic Outdoors Master,Hiking Jacket,size,Option,4
Mystic Outdoors Master,Hiking Jacket,size,Option,5
Mystic Outdoors Master,Hiking Jacket,size,Option,6
Mystic Outdoors Master,Hiking Jacket,size,Option,7
Mystic Outdoors Master,Hiking Jacket,size,Option,8
Mystic Outdoors Master,Hiking Jacket,size,Option,9
Mystic Outdoors Master,Hiking Jacket,size,Option,10
Mystic Outdoors Master,Hiking Jacket,size,Option,12
Mystic Outdoors Master,Hiking Jacket,size,Option,XXS--4---5-
Mystic Outdoors Master,Hiking Jacket,size,Option,XS--6---7-
Mystic Outdoors Master,Hiking Jacket,size,Option,S--8-
Mystic Outdoors Master,Hiking Jacket,size,Option,M--10---12-
Mystic Outdoors Master,Hiking Jacket,size,Option,L--14---16-
Mystic Outdoors Master,Hiking Jacket,size,Option,XL--18-
Mystic Outdoors Master,Hiking Shorts,inseam-in.-,Property,4
Mystic Outdoors Master,Hiking Shorts,inseam-in.-,Property,5
Mystic Outdoors Master,Hiking Shorts,inseam-in.-,Property,7
Mystic Outdoors Master,Hiking Shorts,inseam-in.-,Property,8
Mystic Outdoors Master,Hiking Shorts,inseam-in.-,Property,9
Mystic Outdoors Master,Hiking Shorts,inseam-in.-,Property,10
Mystic Outdoors Master,Hiking Shorts,inseam-in.-,Property,11
Mystic Outdoors Master,Hiking Shorts,inseam-in.-,Property,12
Mystic Outdoors Master,Hiking Shorts,brand-colors,Property,Dusk
Mystic Outdoors Master,Hiking Shorts,brand-colors,Property,Pewter
Mystic Outdoors Master,Hiking Shorts,brand-colors,Property,Fossill
Mystic Outdoors Master,Hiking Shorts,brand-colors,Property,Asphalt-Grey
Mystic Outdoors Master,Hiking Shorts,brand-colors,Property,Black
Mystic Outdoors Master,Hiking Shorts,brand-colors,Property,Charcoal
Mystic Outdoors Master,Hiking Shorts,brand-colors,Property,Dark-Khaki
Mystic Outdoors Master,Hiking Shorts,brand-colors,Property,Raisin
Mystic Outdoors Master,Hiking Shorts,fabric-type,Property,Cotton-/-Cotton-Blend
Mystic Outdoors Master,Hiking Shorts,fabric-type,Property,Nylon-/-Nylon-Blend
Mystic Outdoors Master,Hiking Shorts,fabric-type,Property,Polyester-/-Polyester-Blend
Mystic Outdoors Master,Hiking Shorts,features,Property,Inner-Liner
Mystic Outdoors Master,Hiking Shorts,features,Property,Moisture-Wicking
Mystic Outdoors Master,Hiking Shorts,features,Property,Quick-Drying
Mystic Outdoors Master,Hiking Shorts,features,Property,Side-Cargo-Pockets
Mystic Outdoors Master,Hiking Shorts,features,Property,Sun-Protective-Fabric
Mystic Outdoors Master,Hiking Shorts,features,Property,Contains-recycled-materials
Mystic Outdoors Master,Hiking Shorts,features,Property,Made-in-USA
Mystic Outdoors Master,Hiking Shorts,features,Property,New-Arrivals
Mystic Outdoors Master,Hiking Shorts,gender,Property,Boys-
Mystic Outdoors Master,Hiking Shorts,gender,Property,Girls-
Mystic Outdoors Master,Hiking Shorts,gender,Property,Kids-
Mystic Outdoors Master,Hiking Shorts,gender,Property,Men-s
Mystic Outdoors Master,Hiking Shorts,gender,Property,Unisex
Mystic Outdoors Master,Hiking Shorts,gender,Property,Women-s
Mystic Outdoors Master,Hiking Shorts,size,Property,32
Mystic Outdoors Master,Hiking Shorts,size,Property,6
Mystic Outdoors Master,Hiking Shorts,size,Property,XXS
Mystic Outdoors Master,Hiking Shorts,brand-colors,Option,Asphalt-Grey
Mystic Outdoors Master,Hiking Shorts,brand-colors,Option,Black
Mystic Outdoors Master,Hiking Shorts,brand-colors,Option,Bluebell
Mystic Outdoors Master,Hiking Shorts,brand-colors,Option,Cerise/C-Street-Small
Mystic Outdoors Master,Hiking Shorts,brand-colors,Option,Charcoal
Mystic Outdoors Master,Hiking Shorts,brand-colors,Option,Dark-Khaki
Mystic Outdoors Master,Hiking Shorts,brand-colors,Option,Dusk
Mystic Outdoors Master,Hiking Shorts,brand-colors,Option,El-Cap-Khaki
Mystic Outdoors Master,Hiking Shorts,brand-colors,Option,Forge-Grey/Forest-Camo
Mystic Outdoors Master,Hiking Shorts,brand-colors,Option,Fossill
Mystic Outdoors Master,Hiking Shorts,brand-colors,Option,Mood-Indigo
Mystic Outdoors Master,Hiking Shorts,brand-colors,Option,Pewter
Mystic Outdoors Master,Hiking Shorts,brand-colors,Option,Superior-Blue
Mystic Outdoors Master,Hiking Shorts,brand-colors,Option,Tundra
Mystic Outdoors Master,Hiking Shorts,brand-colors,Option,Manta-Grey
Mystic Outdoors Master,Hiking Shorts,brand-colors,Option,Raisin
Mystic Outdoors Master,Hiking Shorts,brand-colors,Option,Sandstorm
Mystic Outdoors Master,Hiking Shorts,brand-colors,Option,Zinc
Mystic Outdoors Master,Hiking Shorts,size,Option,0
Mystic Outdoors Master,Hiking Shorts,size,Option,2
Mystic Outdoors Master,Hiking Shorts,size,Option,4
Mystic Outdoors Master,Hiking Shorts,size,Option,6
Mystic Outdoors Master,Hiking Shorts,size,Option,8
Mystic Outdoors Master,Hiking Shorts,size,Option,10
Mystic Outdoors Master,Hiking Shorts,size,Option,12
Mystic Outdoors Master,Hiking Shorts,size,Option,14
Mystic Outdoors Master,Hiking Shorts,size,Option,28
Mystic Outdoors Master,Hiking Shorts,size,Option,30
Mystic Outdoors Master,Hiking Shorts,size,Option,31
Mystic Outdoors Master,Hiking Shorts,size,Option,32
Mystic Outdoors Master,Hiking Shorts,size,Option,33
Mystic Outdoors Master,Hiking Shorts,size,Option,34
Mystic Outdoors Master,Hiking Shorts,size,Option,35
Mystic Outdoors Master,Hiking Shorts,size,Option,36
Mystic Outdoors Master,Hiking Shorts,size,Option,38
Mystic Outdoors Master,Hiking Shorts,size,Option,40
Mystic Outdoors Master,Hiking Shorts,size,Option,42
Mystic Outdoors Master,Hiking Shorts,size,Option,XXS
Mystic Outdoors Master,Hiking Shorts,size,Option,XS
Mystic Outdoors Master,Hiking Shorts,size,Option,Small
Mystic Outdoors Master,Hiking Shorts,size,Option,Medium
Mystic Outdoors Master,Hiking Shorts,size,Option,Large
Mystic Outdoors Master,Hiking Shorts,size,Option,Extra Large
Mystic Outdoors Master,Hiking Shorts,size,Option,XXL
Mystic Outdoors Master,Hiking Vest,insulation-type,Property,Down
Mystic Outdoors Master,Hiking Vest,insulation-type,Property,Down-/-Synthetic-Blend
Mystic Outdoors Master,Hiking Vest,insulation-type,Property,Synthetic
Mystic Outdoors Master,Hiking Vest,features,Property,Insulated
Mystic Outdoors Master,Hiking Vest,features,Property,Packable
Mystic Outdoors Master,Hiking Vest,features,Property,Water-Resistant-Down
Mystic Outdoors Master,Hiking Vest,fill-power,Property,551-to-650
Mystic Outdoors Master,Hiking Vest,fill-power,Property,651-to-750
Mystic Outdoors Master,Hiking Vest,fill-power,Property,751-to-850
Mystic Outdoors Master,Hiking Vest,gender,Property,Boys-
Mystic Outdoors Master,Hiking Vest,gender,Property,Girls-
Mystic Outdoors Master,Hiking Vest,gender,Property,Kids-
Mystic Outdoors Master,Hiking Vest,gender,Property,Men-s
Mystic Outdoors Master,Hiking Vest,gender,Property,Unisex
Mystic Outdoors Master,Hiking Vest,gender,Property,Women-s
Mystic Outdoors Master,Boot,faset-color,Option,Black
Mystic Outdoors Master,Boot,faset-color,Option,Brown
Mystic Outdoors Master,Boot,faset-color,Option,Copper
Mystic Outdoors Master,Boot,faset-color,Option,Nutmeg
Mystic Outdoors Master,Boot,size,Option,9
Mystic Outdoors Master,Article,article-season,Property,Fall
Mystic Outdoors Master,Article,article-season,Property,Spring
Mystic Outdoors Master,Article,article-season,Property,Summer
Mystic Outdoors Master,Article,article-season,Property,Winter
Mystic Outdoors Master,Backpack,size,Option,Large
Mystic Outdoors Master,Backpack,size,Option,Medium
Mystic Outdoors Master,Backpack,size,Option,Small
Mystic Outdoors Master,Backpack,size,Option,Extra Large
Mystic Outdoors Master,Backpack,faset-color,Option,Asphalt-Grey/Silver-Reflective
Mystic Outdoors Master,Backpack,faset-color,Option,Black
Mystic Outdoors Master,Backpack,faset-color,Option,Brandy-Brown/Burnt-Ochre
Mystic Outdoors Master,Backpack,faset-color,Option,TNF-Black
Mystic Outdoors Master,Backpack,faset-color,Option,Zinc-Grey/TNF-Black
Mystic Outdoors Master,Backpack,product-warranty,Extra,1-Year-Warranty
Mystic Outdoors Master,Backpack,product-warranty,Extra,2-Year-Warranty
Mystic Outdoors Master,Backpack,product-warranty,Extra,5-Year-Warranty